label,aliases,problem,subpart,family,config_role,hypothesis,parameterization,batch_size,width,peak_lr,weight_decay,token_budget,processed_tokens,reused_run_id,wandb_name
a2-b2-p32b-fixed_wd_scale_lr-b128-lr0.0036982063-wd0.1-nearby_validation,,3.2,b,batch_scaling_target,nearby_validation,fixed_wd_scale_lr,baseline,128,512,0.0036982063121256763,0.1,614400000,614334464,,model-a2-d8-lr0.0036982063121256763-bs128-tok614M-a2-a2-b2-p32b-fixed_wd_scale_lr-b128-lr0.0036982063-wd0.1-nearby_validation
a2-b2-p32b-fixed_wd_scale_lr-b128-lr0.0052300535-wd0.1-predicted,,3.2,b,batch_scaling_target,predicted,fixed_wd_scale_lr,baseline,128,512,0.0052300535230619186,0.1,614400000,614334464,,model-a2-d8-lr0.0052300535230619186-bs128-tok614M-a2-a2-b2-p32b-fixed_wd_scale_lr-b128-lr0.0052300535-wd0.1-predicted
a2-b2-p32b-fixed_wd_scale_lr-b128-lr0.0073964126-wd0.1-nearby_validation,,3.2,b,batch_scaling_target,nearby_validation,fixed_wd_scale_lr,baseline,128,512,0.007396412624251353,0.1,614400000,614334464,,model-a2-d8-lr0.007396412624251353-bs128-tok614M-a2-a2-b2-p32b-fixed_wd_scale_lr-b128-lr0.0073964126-wd0.1-nearby_validation
a2-b2-p32b-fixed_wd_scale_lr-b256-lr0.0053623022-wd0.1-nearby_validation,,3.2,b,batch_scaling_target,nearby_validation,fixed_wd_scale_lr,baseline,256,512,0.005362302188868904,0.1,614400000,614203392,,model-a2-d8-lr0.005362302188868904-bs256-tok614M-a2-a2-b2-p32b-fixed_wd_scale_lr-b256-lr0.0053623022-wd0.1-nearby_validation
a2-b2-p32b-fixed_wd_scale_lr-b256-lr0.0075834405-wd0.1-predicted,,3.2,b,batch_scaling_target,predicted,fixed_wd_scale_lr,baseline,256,512,0.007583440481041338,0.1,614400000,614203392,,model-a2-d8-lr0.007583440481041338-bs256-tok614M-a2-a2-b2-p32b-fixed_wd_scale_lr-b256-lr0.0075834405-wd0.1-predicted
a2-b2-p32b-fixed_wd_scale_lr-b256-lr0.010724604-wd0.1-nearby_validation,,3.2,b,batch_scaling_target,nearby_validation,fixed_wd_scale_lr,baseline,256,512,0.010724604377737808,0.1,614400000,614203392,,model-a2-d8-lr0.010724604377737808-bs256-tok614M-a2-a2-b2-p32b-fixed_wd_scale_lr-b256-lr0.010724604-wd0.1-nearby_validation
a2-b2-p32b-fixed_lr_scale_wd-b128-lr0.0015-wd0.55322244-nearby_validation,,3.2,b,batch_scaling_target,nearby_validation,fixed_lr_scale_wd,baseline,128,512,0.0015,0.5532224402553738,614400000,614334464,,model-a2-d8-lr0.0015-bs128-tok614M-wd0.5532224402553738-a2-a2-b2-p32b-fixed_lr_scale_wd-b128-lr0.0015-wd0.55322244-nearby_validation
a2-b2-p32b-fixed_lr_scale_wd-b128-lr0.0015-wd0.78237468-predicted,,3.2,b,batch_scaling_target,predicted,fixed_lr_scale_wd,baseline,128,512,0.0015,0.7823746780182889,614400000,614334464,,model-a2-d8-lr0.0015-bs128-tok614M-wd0.7823746780182889-a2-a2-b2-p32b-fixed_lr_scale_wd-b128-lr0.0015-wd0.78237468-predicted
a2-b2-p32b-fixed_lr_scale_wd-b128-lr0.0015-wd1.1064449-nearby_validation,,3.2,b,batch_scaling_target,nearby_validation,fixed_lr_scale_wd,baseline,128,512,0.0015,1.1064448805107476,614400000,614334464,,model-a2-d8-lr0.0015-bs128-tok614M-wd1.1064448805107476-a2-a2-b2-p32b-fixed_lr_scale_wd-b128-lr0.0015-wd1.1064449-nearby_validation
a2-b2-p32b-fixed_lr_scale_wd-b256-lr0.0015-wd0.94980478-nearby_validation,,3.2,b,batch_scaling_target,nearby_validation,fixed_lr_scale_wd,baseline,256,512,0.0015,0.9498047757375235,614400000,614203392,,model-a2-d8-lr0.0015-bs256-tok614M-wd0.9498047757375235-a2-a2-b2-p32b-fixed_lr_scale_wd-b256-lr0.0015-wd0.94980478-nearby_validation
a2-b2-p32b-fixed_lr_scale_wd-b256-lr0.0015-wd1.3432268-predicted,,3.2,b,batch_scaling_target,predicted,fixed_lr_scale_wd,baseline,256,512,0.0015,1.3432267954547417,614400000,614203392,,model-a2-d8-lr0.0015-bs256-tok614M-wd1.3432267954547417-a2-a2-b2-p32b-fixed_lr_scale_wd-b256-lr0.0015-wd1.3432268-predicted
a2-b2-p32b-fixed_lr_scale_wd-b256-lr0.0015-wd1.8996096-nearby_validation,,3.2,b,batch_scaling_target,nearby_validation,fixed_lr_scale_wd,baseline,256,512,0.0015,1.899609551475047,614400000,614203392,,model-a2-d8-lr0.0015-bs256-tok614M-wd1.899609551475047-a2-a2-b2-p32b-fixed_lr_scale_wd-b256-lr0.0015-wd1.8996096-nearby_validation
a2-b2-p42c-width-baseline-w1024-lr0.0014252525-powerlaw_prediction,a2-b2-p42c-width-baseline-w1024-lr0.0014252525-local_sweep,4.2,c,heldout_width,powerlaw_prediction|local_sweep,,baseline,64,1024,0.001425252518053827,0.1,153600000,153550848,,model-a2-w1024-d008-baseline-lr0.001425252518053827-tok154M-a2-a2-b2-p42c-width-baseline-w1024-lr0.0014252525-powerlaw_prediction
a2-b2-p42c-width-baseline-w1024-lr0.003-direct_transfer,,4.2,c,heldout_width,direct_transfer,,baseline,64,1024,0.003,0.1,153600000,153550848,,model-a2-w1024-d008-baseline-lr0.003-tok154M-a2-a2-b2-p42c-width-baseline-w1024-lr0.003-direct_transfer
a2-b2-p42c-width-baseline-w1024-lr0.00071262626-local_sweep,,4.2,c,heldout_width,local_sweep,,baseline,64,1024,0.0007126262590269135,0.1,153600000,153550848,,model-a2-w1024-d008-baseline-lr0.0007126262590269135-tok154M-a2-a2-b2-p42c-width-baseline-w1024-lr0.00071262626-local_sweep
a2-b2-p42c-width-baseline-w1024-lr0.002850505-local_sweep,,4.2,c,heldout_width,local_sweep,,baseline,64,1024,0.002850505036107654,0.1,153600000,153550848,,model-a2-w1024-d008-baseline-lr0.002850505036107654-tok154M-a2-a2-b2-p42c-width-baseline-w1024-lr0.002850505-local_sweep
a2-b2-p42c-width-mup-w1024-lr0.0019664879-powerlaw_prediction,a2-b2-p42c-width-mup-w1024-lr0.0019664879-local_sweep,4.2,c,heldout_width,powerlaw_prediction|local_sweep,,mup,64,1024,0.001966487909797544,0.1,153600000,153550848,,model-a2-w1024-d008-mup-lr0.001966487909797544-tok154M-a2-a2-b2-p42c-width-mup-w1024-lr0.0019664879-powerlaw_prediction
a2-b2-p42c-width-mup-w1024-lr0.003-direct_transfer,,4.2,c,heldout_width,direct_transfer,,mup,64,1024,0.003,0.1,153600000,153550848,,model-a2-w1024-d008-mup-lr0.003-tok154M-a2-a2-b2-p42c-width-mup-w1024-lr0.003-direct_transfer
a2-b2-p42c-width-mup-w1024-lr0.00098324395-local_sweep,,4.2,c,heldout_width,local_sweep,,mup,64,1024,0.000983243954898772,0.1,153600000,153550848,,model-a2-w1024-d008-mup-lr0.000983243954898772-tok154M-a2-a2-b2-p42c-width-mup-w1024-lr0.00098324395-local_sweep
a2-b2-p42c-width-mup-w1024-lr0.0039329758-local_sweep,,4.2,c,heldout_width,local_sweep,,mup,64,1024,0.003932975819595088,0.1,153600000,153550848,,model-a2-w1024-d008-mup-lr0.003932975819595088-tok154M-a2-a2-b2-p42c-width-mup-w1024-lr0.0039329758-local_sweep
